<?xml version="1.0" encoding="utf-8"?>
<messages>
    <message>
        <_id>5e9830b0ce330a0248e89d86</_id>
        <feedurl>https://jzvd.nathen.cn/video/1137e480-170bac9c523-0007-1823-c86-de200.mp4</feedurl>
        <nickname>王火火</nickname>
        <description>这是第一条Feed数据</description>
        <likecount>10000</likecount>
        <avatar>https://jzvd.nathen.cn/snapshot/f402a0e012b14d41ad07939746844c5e00005.jpg</avatar>
    </message>
    <message>
        <_id>5e9833dec47d14020e85f416</_id>
        <feedurl>https://jzvd.nathen.cn/video/e0bd348-170bac9c3b8-0007-1823-c86-de200.mp4</feedurl>
        <nickname>LILILI</nickname>
        <description>这是一条一起学猫叫的视频</description>
        <likecount>120000</likecount>
        <avatar>https://jzvd.nathen.cn/snapshot/8bd6d06878fc4676a62290cbe8b5511f00005.jpg</avatar>
    </message>
    <message>
        <_id>5e9833e0c47d14020e85f418</_id>
        <feedurl>https://jzvd.nathen.cn/video/2f03c005-170bac9abac-0007-1823-c86-de200.mp4</feedurl>
        <nickname>新闻启示录</nickname>
        <description>赶紧把这个转发给你们的女朋友吧，这才是对她们最负责的AI</description>
        <likecount>45000000</likecount>
        <avatar>https://jzvd.nathen.cn/snapshot/371ddcdf7bbe46b682913f3d3353192000005.jpg</avatar>
    </message>
    <message>
        <_id>5e9833e0a21527020d426e91</_id>
        <feedurl>https://jzvd.nathen.cn/video/7bf938c-170bac9c18a-0007-1823-c86-de200.mp4</feedurl>
        <nickname>综艺大咖秀</nickname>
        <description>男明星身高暴击</description>
        <likecount>98777000</likecount>
        <avatar>https://jzvd.nathen.cn/snapshot/dabe6ca3c71942fd926a86c8996d750f00005.jpg</avatar>
    </message>
    <message>
        <_id>5e9833e1c47d14020e85f43a</_id>
        <feedurl>https://jzvd.nathen.cn/video/47788f38-170bac9ab8a-0007-1823-c86-de200.mp4</feedurl>
        <nickname>南翔不爱吃饭</nickname>
        <description>挑战手抓饼的一百种吃法第七天</description>
        <likecount>500000</likecount>
        <avatar>https://jzvd.nathen.cn/snapshot/edac56544e2f43bb827bd0e819db381000005.jpg</avatar>
    </message>
    <message>
        <_id>5e983406a21527020d426f1f</_id>
        <feedurl>https://jzvd.nathen.cn/video/2d6ffe8f-170bac9ab87-0007-1823-c86-de200.mp4</feedurl>
        <nickname>王者主播那些事儿</nickname>
        <description>你有试过蔡文姬打野吗？</description>
        <likecount>1000000</likecount>
        <avatar>https://jzvd.nathen.cn/snapshot/531f1e488eb84b898ae9ca7f6ba758ed00005.jpg</avatar>
    </message>
    <message>
        <_id>5e98340da21527020d426f43</_id>
        <feedurl>https://jzvd.nathen.cn/video/633e0ce-170bac9ab65-0007-1823-c86-de200.mp4</feedurl>
        <nickname>十秒学做菜</nickname>
        <description>两款爱吃的三明治分享</description>
        <likecount>1010102</likecount>
        <avatar>https://jzvd.nathen.cn/snapshot/ad0331e78393457d88ded2257d9e47c800005.jpg</avatar>
    </message>
    <message>
        <_id>5e983415a21527020d426f7b</_id>
        <feedurl>https://jzvd.nathen.cn/video/2d6ffe8f-170bac9ab87-0007-1823-c86-de200.mp4</feedurl>
        <nickname>九零后老母亲</nickname>
        <description>从孕期到产后，老公一直要我用这个勺子喝汤</description>
        <likecount>94321</likecount>
        <avatar>https://jzvd.nathen.cn/snapshot/6ae53110f7fd470683587746f027698400005.jpg</avatar>
    </message>
    <message>
        <_id>5e98341da21527020d426f97</_id>
        <feedurl>https://jzvd.nathen.cn/video/51f7552c-170bac98718-0007-1823-c86-de200.mp4</feedurl>
        <nickname>FPX电子竞技俱乐部</nickname>
        <description>甲方的需求：F P X冠军皮肤的起源</description>
        <likecount>1200000</likecount>
        <avatar>https://jzvd.nathen.cn/snapshot/ef384b95897b470c80a4aca4dd1112a500005.jpg</avatar>
    </message>
    <message>
        <_id>5e983423a21527020d426fbb</_id>
        <feedurl>https://jzvd.nathen.cn/video/2a101070-170bad88892-0007-1823-c86-de200.mp4</feedurl>
        <nickname>抖音官方广告报名！</nickname>
        <description>买它！买它！买它！</description>
        <likecount>480</likecount>
        <avatar>https://jzvd.nathen.cn/snapshot/86a055d08b514c9ca1e76e76862105ec00005.jpg</avatar>
    </message>
</messages>

